time_local,T1,T2,ВЭС
2026-02-01 00:00:00,0.0153,0.0146,0.0149
2026-02-01 01:00:00,0.0131,0.0123,0.0127
2026-02-01 02:00:00,0.0158,0.015,0.0154
2026-02-01 03:00:00,0.0151,0.0144,0.0148
2026-02-01 04:00:00,0.0142,0.0135,0.0138
2026-02-01 05:00:00,0.011,0.0104,0.0107
2026-02-01 06:00:00,0.01,0.0115,0.0107
2026-02-01 07:00:00,0.01,0.0091,0.0096
2026-02-01 08:00:00,0.0404,0.0361,0.0383
2026-02-01 09:00:00,0.1741,0.1706,0.1724
2026-02-01 10:00:00,0.2131,0.2102,0.2117
2026-02-01 11:00:00,0.1332,0.1342,0.1337
2026-02-01 12:00:00,0.179,0.1822,0.1806
2026-02-01 13:00:00,0.2284,0.2305,0.2295
2026-02-01 14:00:00,0.212,0.214,0.213
2026-02-01 15:00:00,0.1832,0.1867,0.1849
2026-02-01 16:00:00,0.1861,0.1852,0.1857
2026-02-01 17:00:00,0.2176,0.2116,0.2146
2026-02-01 18:00:00,0.1879,0.181,0.1845
2026-02-01 19:00:00,0.2357,0.2302,0.233
2026-02-01 20:00:00,0.2266,0.2294,0.228
2026-02-01 21:00:00,0.2009,0.203,0.2019
2026-02-01 22:00:00,0.2658,0.2651,0.2654
2026-02-01 23:00:00,0.2195,0.2186,0.2191
2026-02-02 00:00:00,0.1791,0.1766,0.1779
2026-02-02 01:00:00,0.1561,0.1536,0.1549
2026-02-02 02:00:00,0.3065,0.3038,0.3051
2026-02-02 03:00:00,0.5266,0.5296,0.5281
2026-02-02 04:00:00,0.7667,0.7697,0.7682
2026-02-02 05:00:00,0.7857,0.7837,0.7847
2026-02-02 06:00:00,0.6877,0.6825,0.6851
2026-02-02 07:00:00,0.5876,0.5819,0.5847
2026-02-02 08:00:00,0.5775,0.5718,0.5747
2026-02-02 09:00:00,0.6671,0.6635,0.6653
2026-02-02 10:00:00,0.5972,0.5849,0.5911
2026-02-02 11:00:00,0.8983,0.8966,0.8975
2026-02-02 12:00:00,0.872,0.8743,0.8732
2026-02-02 13:00:00,0.9661,0.9568,0.9614
2026-02-02 14:00:00,0.9594,0.9463,0.9528
2026-02-02 15:00:00,0.9468,0.945,0.9459
2026-02-02 16:00:00,0.8567,0.858,0.8573
2026-02-02 17:00:00,0.6783,0.6762,0.6772
2026-02-02 18:00:00,0.4255,0.3992,0.4123
2026-02-02 19:00:00,0.1996,0.1952,0.1974
2026-02-02 20:00:00,0.1326,0.132,0.1323
2026-02-02 21:00:00,0.0936,0.0923,0.0929
2026-02-02 22:00:00,0.0903,0.0878,0.089
2026-02-02 23:00:00,0.1131,0.1102,0.1116
2026-02-03 00:00:00,0.1211,0.1184,0.1197
2026-02-03 01:00:00,0.2349,0.2355,0.2352
2026-02-03 02:00:00,0.3145,0.3103,0.3124
2026-02-03 03:00:00,0.4469,0.4333,0.4401
2026-02-03 04:00:00,0.3674,0.3657,0.3666
2026-02-03 05:00:00,0.3026,0.3008,0.3017
2026-02-03 06:00:00,0.3783,0.3671,0.3727
2026-02-03 07:00:00,0.2494,0.236,0.2427
2026-02-03 08:00:00,0.1446,0.1404,0.1425
2026-02-03 09:00:00,0.0451,0.0411,0.0431
2026-02-03 10:00:00,0.0205,0.0192,0.0198
2026-02-03 11:00:00,0.01,0.0086,0.0093
2026-02-03 12:00:00,0.0145,0.0136,0.014
2026-02-03 13:00:00,0.0185,0.0181,0.0183
2026-02-03 14:00:00,0.0167,0.0161,0.0164
2026-02-03 15:00:00,0.0132,0.013,0.0131
2026-02-03 16:00:00,0.0544,0.054,0.0542
2026-02-03 17:00:00,0.1517,0.1513,0.1515
2026-02-03 18:00:00,0.2456,0.2435,0.2446
2026-02-03 19:00:00,0.3846,0.3843,0.3845
2026-02-03 20:00:00,0.4398,0.4393,0.4396
2026-02-03 21:00:00,0.4276,0.4272,0.4274
2026-02-03 22:00:00,0.4425,0.4419,0.4422
2026-02-03 23:00:00,0.4655,0.4649,0.4652
2026-02-04 00:00:00,0.4474,0.452,0.4497
2026-02-04 01:00:00,0.4306,0.4323,0.4314
2026-02-04 02:00:00,0.4207,0.4224,0.4215
2026-02-04 03:00:00,0.4506,0.4522,0.4514
2026-02-04 04:00:00,0.4472,0.4489,0.448
2026-02-04 05:00:00,0.5794,0.5811,0.5802
2026-02-04 06:00:00,0.6736,0.6754,0.6745
2026-02-04 07:00:00,0.553,0.5514,0.5522
2026-02-04 08:00:00,0.4657,0.4641,0.4649
2026-02-04 09:00:00,0.3877,0.3869,0.3873
2026-02-04 10:00:00,0.2965,0.2954,0.296
2026-02-04 11:00:00,0.218,0.2173,0.2176
2026-02-04 12:00:00,0.1488,0.1482,0.1485
2026-02-04 13:00:00,0.144,0.1435,0.1437
2026-02-04 14:00:00,0.1336,0.1331,0.1333
2026-02-04 15:00:00,0.1142,0.1138,0.114
2026-02-04 16:00:00,0.1074,0.1071,0.1072
2026-02-04 17:00:00,0.0817,0.0813,0.0815
2026-02-04 18:00:00,0.0797,0.0793,0.0795
2026-02-04 19:00:00,0.1103,0.1113,0.1108
2026-02-04 20:00:00,0.2648,0.2661,0.2654
2026-02-04 21:00:00,0.6629,0.6562,0.6596
2026-02-04 22:00:00,0.9093,0.9028,0.9061
2026-02-04 23:00:00,0.9614,0.9659,0.9637
2026-02-05 00:00:00,0.8625,0.8525,0.8575
2026-02-05 01:00:00,0.879,0.8702,0.8746
2026-02-05 02:00:00,0.9151,0.8694,0.8922
2026-02-05 03:00:00,0.9346,0.9091,0.9219
2026-02-05 04:00:00,0.9808,0.9659,0.9733
2026-02-05 05:00:00,0.9787,0.9519,0.9653
2026-02-05 06:00:00,0.9756,0.9476,0.9616
2026-02-05 07:00:00,0.9552,0.9464,0.9508
2026-02-05 08:00:00,0.9684,0.9594,0.9639
2026-02-05 09:00:00,0.9761,0.9682,0.9721
2026-02-05 10:00:00,0.9618,0.9514,0.9566
2026-02-05 11:00:00,0.9716,0.9609,0.9663
2026-02-05 12:00:00,0.9716,0.9602,0.9659
2026-02-05 13:00:00,0.9767,0.9652,0.9709
2026-02-05 14:00:00,0.9607,0.9474,0.954
2026-02-05 15:00:00,0.953,0.9402,0.9466
2026-02-05 16:00:00,0.9638,0.953,0.9584
2026-02-05 17:00:00,0.9691,0.9586,0.9639
2026-02-05 18:00:00,0.9402,0.9346,0.9374
2026-02-05 19:00:00,0.9671,0.9531,0.9601
2026-02-05 20:00:00,0.9194,0.918,0.9187
2026-02-05 21:00:00,0.9003,0.8991,0.8997
2026-02-05 22:00:00,0.8432,0.8417,0.8425
2026-02-05 23:00:00,0.7374,0.7262,0.7318
2026-02-06 00:00:00,0.731,0.72,0.7255
2026-02-06 01:00:00,0.7052,0.6942,0.6997
2026-02-06 02:00:00,0.6273,0.6136,0.6205
2026-02-06 03:00:00,0.5278,0.5143,0.521
2026-02-06 04:00:00,0.3761,0.3624,0.3693
2026-02-06 05:00:00,0.145,0.1393,0.1421
2026-02-06 06:00:00,0.0705,0.0664,0.0684
2026-02-06 07:00:00,0.01,0.0085,0.0092
2026-02-06 08:00:00,0.0178,0.0172,0.0175
2026-02-06 09:00:00,0.0356,0.0343,0.0349
2026-02-06 10:00:00,0.087,0.0864,0.0867
2026-02-06 11:00:00,0.1504,0.1493,0.1499
2026-02-06 12:00:00,0.3936,0.3922,0.3929
2026-02-06 13:00:00,0.8599,0.8614,0.8607
2026-02-06 14:00:00,0.9524,0.9433,0.9478
2026-02-06 15:00:00,0.9663,0.9552,0.9607
2026-02-06 16:00:00,0.9838,0.9693,0.9765
2026-02-06 17:00:00,0.99,0.97,0.98
2026-02-06 18:00:00,0.99,0.97,0.98
2026-02-06 19:00:00,0.99,0.9687,0.9794
2026-02-06 20:00:00,0.99,0.9638,0.9769
2026-02-06 21:00:00,0.9836,0.97,0.9768
2026-02-06 22:00:00,0.9666,0.9558,0.9612
2026-02-06 23:00:00,0.9475,0.9389,0.9432
2026-02-07 00:00:00,0.9368,0.9382,0.9375
2026-02-07 01:00:00,0.8937,0.8951,0.8944
2026-02-07 02:00:00,0.6699,0.6745,0.6722
2026-02-07 03:00:00,0.4062,0.4109,0.4085
2026-02-07 04:00:00,0.2613,0.2601,0.2607
2026-02-07 05:00:00,0.1589,0.1571,0.158
2026-02-07 06:00:00,0.077,0.0757,0.0763
2026-02-07 07:00:00,0.0146,0.0136,0.0141
2026-02-07 08:00:00,0.0183,0.0174,0.0179
2026-02-07 09:00:00,0.0126,0.0115,0.0121
2026-02-07 10:00:00,0.0739,0.0739,0.0739
2026-02-07 11:00:00,0.2846,0.2948,0.2897
2026-02-07 12:00:00,0.3507,0.356,0.3533
2026-02-07 13:00:00,0.4182,0.4249,0.4216
2026-02-07 14:00:00,0.2484,0.2551,0.2518
2026-02-07 15:00:00,0.1146,0.1279,0.1212
2026-02-07 16:00:00,0.0549,0.0634,0.0592
2026-02-07 17:00:00,0.0442,0.045,0.0446
2026-02-07 18:00:00,0.089,0.0886,0.0888
2026-02-07 19:00:00,0.2903,0.2899,0.2901
2026-02-07 20:00:00,0.438,0.4376,0.4378
2026-02-07 21:00:00,0.704,0.7034,0.7037
2026-02-07 22:00:00,0.7815,0.7807,0.7811
2026-02-07 23:00:00,0.956,0.9549,0.9554
2026-02-08 00:00:00,0.9596,0.9482,0.9539
2026-02-08 01:00:00,0.9654,0.9539,0.9597
2026-02-08 02:00:00,0.9259,0.9145,0.9202
2026-02-08 03:00:00,0.9204,0.9096,0.915
2026-02-08 04:00:00,0.7937,0.7924,0.793
2026-02-08 05:00:00,0.6085,0.6073,0.6079
2026-02-08 06:00:00,0.5469,0.5487,0.5478
2026-02-08 07:00:00,0.4017,0.4086,0.4052
2026-02-08 08:00:00,0.2298,0.2282,0.229
2026-02-08 09:00:00,0.1875,0.1864,0.1869
2026-02-08 10:00:00,0.0723,0.0712,0.0717
2026-02-08 11:00:00,0.0471,0.046,0.0466
2026-02-08 12:00:00,0.01,0.0088,0.0094
2026-02-08 13:00:00,0.0122,0.0129,0.0126
2026-02-08 14:00:00,0.0463,0.0593,0.0528
2026-02-08 15:00:00,0.3929,0.4063,0.3996
2026-02-08 16:00:00,0.9585,0.9601,0.9593
2026-02-08 17:00:00,0.99,0.97,0.98
2026-02-08 18:00:00,0.99,0.97,0.98
2026-02-08 19:00:00,0.988,0.97,0.979
2026-02-08 20:00:00,0.9752,0.9666,0.9709
2026-02-08 21:00:00,0.9859,0.97,0.9779
2026-02-08 22:00:00,0.9858,0.97,0.9779
2026-02-08 23:00:00,0.9862,0.97,0.9781
2026-02-09 00:00:00,0.9891,0.97,0.9796
2026-02-09 01:00:00,0.9806,0.97,0.9753
2026-02-09 02:00:00,0.973,0.9624,0.9677
2026-02-09 03:00:00,0.9608,0.9501,0.9554
2026-02-09 04:00:00,0.9601,0.9504,0.9553
2026-02-09 05:00:00,0.9344,0.9256,0.93
2026-02-09 06:00:00,0.9395,0.9304,0.9349
2026-02-09 07:00:00,0.9437,0.9389,0.9413
2026-02-09 08:00:00,0.9431,0.9378,0.9404
2026-02-09 09:00:00,0.9292,0.9234,0.9263
2026-02-09 10:00:00,0.9295,0.9245,0.927
2026-02-09 11:00:00,0.9412,0.9334,0.9373
2026-02-09 12:00:00,0.9562,0.9481,0.9521
2026-02-09 13:00:00,0.9571,0.9492,0.9532
2026-02-09 14:00:00,0.9654,0.9517,0.9586
2026-02-09 15:00:00,0.9425,0.9343,0.9384
2026-02-09 16:00:00,0.9448,0.9455,0.9451
2026-02-09 17:00:00,0.6824,0.6928,0.6876
2026-02-09 18:00:00,0.5487,0.5396,0.5441
2026-02-09 19:00:00,0.7345,0.7274,0.7309
2026-02-09 20:00:00,0.5442,0.5369,0.5405
2026-02-09 21:00:00,0.467,0.4646,0.4658
2026-02-09 22:00:00,0.1942,0.1905,0.1924
2026-02-09 23:00:00,0.1329,0.1376,0.1353
2026-02-10 00:00:00,0.1031,0.1073,0.1052
2026-02-10 01:00:00,0.0802,0.0829,0.0815
2026-02-10 02:00:00,0.0791,0.0803,0.0797
2026-02-10 03:00:00,0.1353,0.1364,0.1358
2026-02-10 04:00:00,0.1481,0.1492,0.1486
2026-02-10 05:00:00,0.1772,0.1776,0.1774
2026-02-10 06:00:00,0.0846,0.0919,0.0882
2026-02-10 07:00:00,0.1182,0.1186,0.1184
2026-02-10 08:00:00,0.2712,0.2709,0.271
2026-02-10 09:00:00,0.2147,0.2139,0.2143
2026-02-10 10:00:00,0.3292,0.3284,0.3288
2026-02-10 11:00:00,0.2259,0.2252,0.2255
2026-02-10 12:00:00,0.2152,0.2146,0.2149
2026-02-10 13:00:00,0.2703,0.2694,0.2698
2026-02-10 14:00:00,0.1189,0.1184,0.1186
2026-02-10 15:00:00,0.0962,0.0959,0.0961
2026-02-10 16:00:00,0.0928,0.0924,0.0926
2026-02-10 17:00:00,0.0315,0.0309,0.0312
2026-02-10 18:00:00,0.0497,0.0491,0.0494
2026-02-10 19:00:00,0.0992,0.1026,0.1009
2026-02-10 20:00:00,0.2453,0.2501,0.2477
2026-02-10 21:00:00,0.7505,0.7586,0.7545
2026-02-10 22:00:00,0.9591,0.9609,0.96
2026-02-10 23:00:00,0.9783,0.9684,0.9734
2026-02-11 00:00:00,0.9573,0.9522,0.9548
2026-02-11 01:00:00,0.8657,0.8695,0.8676
2026-02-11 02:00:00,0.6309,0.6348,0.6328
2026-02-11 03:00:00,0.7143,0.7138,0.714
2026-02-11 04:00:00,0.5916,0.6059,0.5987
2026-02-11 05:00:00,0.4483,0.4479,0.4481
2026-02-11 06:00:00,0.1612,0.1639,0.1625
2026-02-11 07:00:00,0.0541,0.0531,0.0536
2026-02-11 08:00:00,0.0476,0.0467,0.0472
2026-02-11 09:00:00,0.0476,0.0536,0.0506
2026-02-11 10:00:00,0.0812,0.0836,0.0824
2026-02-11 11:00:00,0.1723,0.1796,0.1759
2026-02-11 12:00:00,0.2913,0.299,0.2951
2026-02-11 13:00:00,0.2443,0.2513,0.2478
2026-02-11 14:00:00,0.1564,0.1579,0.1571
2026-02-11 15:00:00,0.216,0.218,0.217
2026-02-11 16:00:00,0.4788,0.4797,0.4793
2026-02-11 17:00:00,0.8157,0.8149,0.8153
2026-02-11 18:00:00,0.9329,0.9344,0.9337
2026-02-11 19:00:00,0.9858,0.97,0.9779
2026-02-11 20:00:00,0.99,0.97,0.98
2026-02-11 21:00:00,0.9766,0.9676,0.9721
2026-02-11 22:00:00,0.951,0.953,0.952
2026-02-11 23:00:00,0.6966,0.6987,0.6976
2026-02-12 00:00:00,0.4573,0.459,0.4582
2026-02-12 01:00:00,0.4528,0.4515,0.4522
2026-02-12 02:00:00,0.5067,0.5103,0.5085
2026-02-12 03:00:00,0.4331,0.4345,0.4338
2026-02-12 04:00:00,0.3939,0.3926,0.3933
2026-02-12 05:00:00,0.2222,0.2211,0.2216
2026-02-12 06:00:00,0.1493,0.1482,0.1488
2026-02-12 07:00:00,0.1085,0.1074,0.108
2026-02-12 08:00:00,0.0498,0.0487,0.0493
2026-02-12 09:00:00,0.033,0.0322,0.0326
2026-02-12 10:00:00,0.0163,0.0157,0.016
2026-02-12 11:00:00,0.0166,0.0177,0.0172
2026-02-12 12:00:00,0.0854,0.0924,0.0889
2026-02-12 13:00:00,0.1577,0.1634,0.1606
2026-02-12 14:00:00,0.1511,0.1582,0.1547
2026-02-12 15:00:00,0.1315,0.1374,0.1344
2026-02-12 16:00:00,0.1427,0.1451,0.1439
2026-02-12 17:00:00,0.1424,0.1433,0.1429
2026-02-12 18:00:00,0.1163,0.1172,0.1167
2026-02-12 19:00:00,0.2756,0.2753,0.2754
2026-02-12 20:00:00,0.2986,0.2981,0.2984
2026-02-12 21:00:00,0.2103,0.2098,0.21
2026-02-12 22:00:00,0.1522,0.1517,0.1519
2026-02-12 23:00:00,0.0587,0.0581,0.0584
2026-02-13 00:00:00,0.0365,0.0356,0.0361
2026-02-13 01:00:00,0.0338,0.0332,0.0335
2026-02-13 02:00:00,0.0263,0.0263,0.0263
2026-02-13 03:00:00,0.0381,0.0375,0.0378
2026-02-13 04:00:00,0.035,0.0342,0.0346
2026-02-13 05:00:00,0.0334,0.0327,0.033
2026-02-13 06:00:00,0.0412,0.0404,0.0408
2026-02-13 07:00:00,0.0331,0.0324,0.0328
2026-02-13 08:00:00,0.0345,0.0334,0.0339
2026-02-13 09:00:00,0.0387,0.0376,0.0381
2026-02-13 10:00:00,0.0309,0.03,0.0304
2026-02-13 11:00:00,0.0345,0.0338,0.0341
2026-02-13 12:00:00,0.0195,0.0187,0.0191
2026-02-13 13:00:00,0.0174,0.0182,0.0178
2026-02-13 14:00:00,0.0126,0.012,0.0123
2026-02-13 15:00:00,0.0352,0.036,0.0356
2026-02-13 16:00:00,0.0232,0.0241,0.0236
2026-02-13 17:00:00,0.023,0.028,0.0255
2026-02-13 18:00:00,0.0561,0.0539,0.055
2026-02-13 19:00:00,0.1389,0.1403,0.1396
2026-02-13 20:00:00,0.2759,0.2785,0.2772
2026-02-13 21:00:00,0.452,0.4573,0.4546
2026-02-13 22:00:00,0.575,0.5818,0.5784
2026-02-13 23:00:00,0.6514,0.6635,0.6574
2026-02-14 00:00:00,0.7676,0.7827,0.7751
2026-02-14 01:00:00,0.79,0.8053,0.7977
2026-02-14 02:00:00,0.8257,0.8342,0.8299
2026-02-14 03:00:00,0.8634,0.8723,0.8678
2026-02-14 04:00:00,0.7641,0.7731,0.7686
2026-02-14 05:00:00,0.4536,0.4677,0.4607
2026-02-14 06:00:00,0.226,0.241,0.2335
2026-02-14 07:00:00,0.172,0.1871,0.1796
2026-02-14 08:00:00,0.1535,0.1671,0.1603
2026-02-14 09:00:00,0.1129,0.1282,0.1205
2026-02-14 10:00:00,0.0896,0.1037,0.0967
2026-02-14 11:00:00,0.1069,0.1068,0.1069
2026-02-14 12:00:00,0.0951,0.0954,0.0953
2026-02-14 13:00:00,0.0664,0.0666,0.0665
2026-02-14 14:00:00,0.0307,0.03,0.0304
2026-02-14 15:00:00,0.0385,0.0377,0.0381
2026-02-14 16:00:00,0.0511,0.0504,0.0508
2026-02-14 17:00:00,0.0248,0.0242,0.0245
2026-02-14 18:00:00,0.0252,0.0248,0.025
2026-02-14 19:00:00,0.0447,0.0442,0.0445
2026-02-14 20:00:00,0.066,0.0637,0.0649
2026-02-14 21:00:00,0.0661,0.0638,0.065
2026-02-14 22:00:00,0.0444,0.0435,0.044
2026-02-14 23:00:00,0.0209,0.0203,0.0206
2026-02-15 00:00:00,0.0267,0.026,0.0264
2026-02-15 01:00:00,0.0217,0.0208,0.0213
2026-02-15 02:00:00,0.0234,0.0226,0.023
2026-02-15 03:00:00,0.0189,0.0181,0.0185
2026-02-15 04:00:00,0.023,0.0155,0.0193
2026-02-15 05:00:00,0.0662,0.0588,0.0625
2026-02-15 06:00:00,0.1466,0.1395,0.1431
2026-02-15 07:00:00,0.1935,0.18,0.1867
2026-02-15 08:00:00,0.2178,0.2005,0.2091
2026-02-15 09:00:00,0.606,0.594,0.6
2026-02-15 10:00:00,0.8956,0.8747,0.8851
2026-02-15 11:00:00,0.967,0.9492,0.9581
2026-02-15 12:00:00,0.9346,0.9091,0.9218
2026-02-15 13:00:00,0.9537,0.945,0.9494
2026-02-15 14:00:00,0.99,0.97,0.98
2026-02-15 15:00:00,0.99,0.97,0.98
2026-02-15 16:00:00,0.99,0.97,0.98
2026-02-15 17:00:00,0.99,0.97,0.98
2026-02-15 18:00:00,0.99,0.97,0.98
2026-02-15 19:00:00,0.99,0.97,0.98
2026-02-15 20:00:00,0.9876,0.97,0.9788
2026-02-15 21:00:00,0.9592,0.9449,0.952
2026-02-15 22:00:00,0.8166,0.809,0.8128
2026-02-15 23:00:00,0.6159,0.6069,0.6114
2026-02-16 00:00:00,0.5794,0.578,0.5787
2026-02-16 01:00:00,0.576,0.5738,0.5749
2026-02-16 02:00:00,0.7125,0.7052,0.7088
2026-02-16 03:00:00,0.7039,0.6943,0.6991
2026-02-16 04:00:00,0.6651,0.6535,0.6593
2026-02-16 05:00:00,0.6932,0.6793,0.6862
2026-02-16 06:00:00,0.763,0.7508,0.7569
2026-02-16 07:00:00,0.6769,0.6701,0.6735
2026-02-16 08:00:00,0.4986,0.5017,0.5002
2026-02-16 09:00:00,0.5014,0.5056,0.5035
2026-02-16 10:00:00,0.5686,0.5717,0.5702
2026-02-16 11:00:00,0.6623,0.6601,0.6612
2026-02-16 12:00:00,0.7032,0.7069,0.7051
2026-02-16 13:00:00,0.7128,0.7194,0.7161
2026-02-16 14:00:00,0.6876,0.6938,0.6907
2026-02-16 15:00:00,0.8038,0.8101,0.8069
2026-02-16 16:00:00,0.7768,0.7826,0.7797
2026-02-16 17:00:00,0.7131,0.7186,0.7159
2026-02-16 18:00:00,0.5929,0.5934,0.5931
2026-02-16 19:00:00,0.6177,0.6132,0.6154
2026-02-16 20:00:00,0.6299,0.6238,0.6268
2026-02-16 21:00:00,0.6122,0.6061,0.6091
2026-02-16 22:00:00,0.5876,0.5809,0.5843
2026-02-16 23:00:00,0.5945,0.5875,0.591
2026-02-17 00:00:00,0.5792,0.5691,0.5741
2026-02-17 01:00:00,0.6043,0.5941,0.5992
2026-02-17 02:00:00,0.5756,0.5634,0.5695
2026-02-17 03:00:00,0.4535,0.441,0.4472
2026-02-17 04:00:00,0.3165,0.3093,0.3129
2026-02-17 05:00:00,0.2328,0.2196,0.2262
2026-02-17 06:00:00,0.1809,0.1675,0.1742
2026-02-17 07:00:00,0.1721,0.1598,0.1659
2026-02-17 08:00:00,0.1666,0.1498,0.1582
2026-02-17 09:00:00,0.1524,0.1432,0.1478
2026-02-17 10:00:00,0.1497,0.14,0.1449
2026-02-17 11:00:00,0.1103,0.0992,0.1048
2026-02-17 12:00:00,0.1339,0.1242,0.129
2026-02-17 13:00:00,0.1226,0.1204,0.1215
2026-02-17 14:00:00,0.1678,0.166,0.1669
2026-02-17 15:00:00,0.2315,0.2331,0.2323
2026-02-17 16:00:00,0.3078,0.307,0.3074
2026-02-17 17:00:00,0.3741,0.3744,0.3742
2026-02-17 18:00:00,0.4668,0.4673,0.467
2026-02-17 19:00:00,0.7072,0.7044,0.7058
2026-02-17 20:00:00,0.8017,0.7957,0.7987
2026-02-17 21:00:00,0.8109,0.81,0.8104
2026-02-17 22:00:00,0.8545,0.8369,0.8457
2026-02-17 23:00:00,0.7924,0.7804,0.7864
2026-02-18 00:00:00,0.823,0.8109,0.8169
2026-02-18 01:00:00,0.8323,0.8137,0.823
2026-02-18 02:00:00,0.8267,0.8061,0.8164
2026-02-18 03:00:00,0.8817,0.8611,0.8714
2026-02-18 04:00:00,0.8948,0.8806,0.8877
2026-02-18 05:00:00,0.9649,0.9496,0.9572
2026-02-18 06:00:00,0.9371,0.9161,0.9266
2026-02-18 07:00:00,0.853,0.8597,0.8563
2026-02-18 08:00:00,0.8608,0.859,0.8599
2026-02-18 09:00:00,0.8253,0.8092,0.8172
2026-02-18 10:00:00,0.7519,0.7536,0.7528
2026-02-18 11:00:00,0.9275,0.929,0.9282
2026-02-18 12:00:00,0.9753,0.9626,0.9689
2026-02-18 13:00:00,0.9824,0.9681,0.9753
2026-02-18 14:00:00,0.9854,0.97,0.9777
2026-02-18 15:00:00,0.986,0.97,0.978
2026-02-18 16:00:00,0.9777,0.9681,0.9729
2026-02-18 17:00:00,0.9706,0.9614,0.966
2026-02-18 18:00:00,0.9713,0.9629,0.9671
2026-02-18 19:00:00,0.8802,0.8804,0.8803
2026-02-18 20:00:00,0.6856,0.6842,0.6849
2026-02-18 21:00:00,0.6435,0.6433,0.6434
2026-02-18 22:00:00,0.6434,0.6379,0.6406
2026-02-18 23:00:00,0.6089,0.6031,0.606
2026-02-19 00:00:00,0.5109,0.5076,0.5092
2026-02-19 01:00:00,0.4997,0.4963,0.498
2026-02-19 02:00:00,0.7443,0.7389,0.7416
2026-02-19 03:00:00,0.7326,0.7261,0.7293
2026-02-19 04:00:00,0.7298,0.7234,0.7266
2026-02-19 05:00:00,0.5645,0.5566,0.5606
2026-02-19 06:00:00,0.5023,0.4946,0.4984
2026-02-19 07:00:00,0.5127,0.4964,0.5046
2026-02-19 08:00:00,0.4872,0.478,0.4826
2026-02-19 09:00:00,0.342,0.3349,0.3385
2026-02-19 10:00:00,0.3392,0.3326,0.3359
2026-02-19 11:00:00,0.2805,0.2826,0.2816
2026-02-19 12:00:00,0.341,0.3398,0.3404
2026-02-19 13:00:00,0.378,0.3816,0.3798
2026-02-19 14:00:00,0.3454,0.349,0.3472
2026-02-19 15:00:00,0.3228,0.3236,0.3232
2026-02-19 16:00:00,0.246,0.2478,0.2469
2026-02-19 17:00:00,0.2465,0.2462,0.2463
2026-02-19 18:00:00,0.1413,0.1366,0.1389
2026-02-19 19:00:00,0.0968,0.0913,0.094
2026-02-19 20:00:00,0.0187,0.016,0.0174
2026-02-19 21:00:00,0.0103,0.0097,0.01
2026-02-19 22:00:00,0.0784,0.0774,0.0779
2026-02-19 23:00:00,0.2439,0.2428,0.2433
2026-02-20 00:00:00,0.2373,0.2361,0.2367
2026-02-20 01:00:00,0.2314,0.2306,0.231
2026-02-20 02:00:00,0.3056,0.3029,0.3043
2026-02-20 03:00:00,0.3247,0.3247,0.3247
2026-02-20 04:00:00,0.3061,0.306,0.3061
2026-02-20 05:00:00,0.3711,0.3711,0.3711
2026-02-20 06:00:00,0.4408,0.4426,0.4417
2026-02-20 07:00:00,0.5413,0.5431,0.5422
2026-02-20 08:00:00,0.5889,0.5906,0.5897
2026-02-20 09:00:00,0.4959,0.4947,0.4953
2026-02-20 10:00:00,0.3722,0.374,0.3731
2026-02-20 11:00:00,0.2916,0.2908,0.2912
2026-02-20 12:00:00,0.3371,0.3264,0.3317
2026-02-20 13:00:00,0.2778,0.2774,0.2776
2026-02-20 14:00:00,0.1934,0.1924,0.1929
2026-02-20 15:00:00,0.1659,0.1655,0.1657
2026-02-20 16:00:00,0.1463,0.1459,0.1461
2026-02-20 17:00:00,0.0888,0.0898,0.0893
2026-02-20 18:00:00,0.0417,0.0427,0.0422
2026-02-20 19:00:00,0.0664,0.0673,0.0669
2026-02-20 20:00:00,0.1547,0.1509,0.1528
2026-02-20 21:00:00,0.3225,0.3218,0.3222
2026-02-20 22:00:00,0.4521,0.4448,0.4485
2026-02-20 23:00:00,0.5258,0.5195,0.5227
2026-02-21 00:00:00,0.6344,0.6293,0.6318
2026-02-21 01:00:00,0.6368,0.6315,0.6341
2026-02-21 02:00:00,0.6503,0.6452,0.6478
2026-02-21 03:00:00,0.5105,0.4971,0.5038
2026-02-21 04:00:00,0.5006,0.4848,0.4927
2026-02-21 05:00:00,0.5322,0.5163,0.5242
2026-02-21 06:00:00,0.5016,0.4857,0.4936
2026-02-21 07:00:00,0.5518,0.5283,0.5401
2026-02-21 08:00:00,0.5081,0.4988,0.5035
2026-02-21 09:00:00,0.2487,0.2443,0.2465
2026-02-21 10:00:00,0.1024,0.0988,0.1006
2026-02-21 11:00:00,0.2675,0.2663,0.2669
2026-02-21 12:00:00,0.8654,0.8677,0.8665
2026-02-21 13:00:00,0.9765,0.9643,0.9704
2026-02-21 14:00:00,0.99,0.97,0.98
2026-02-21 15:00:00,0.9663,0.9557,0.961
2026-02-21 16:00:00,0.8636,0.8631,0.8634
2026-02-21 17:00:00,0.7245,0.7249,0.7247
2026-02-21 18:00:00,0.6298,0.6304,0.6301
2026-02-21 19:00:00,0.489,0.4898,0.4894
2026-02-21 20:00:00,0.3515,0.3511,0.3513
2026-02-21 21:00:00,0.2106,0.2102,0.2104
2026-02-21 22:00:00,0.1686,0.1681,0.1683
2026-02-21 23:00:00,0.1296,0.1291,0.1293
2026-02-22 00:00:00,0.1366,0.1358,0.1362
2026-02-22 01:00:00,0.0994,0.0986,0.099
2026-02-22 02:00:00,0.04,0.0392,0.0396
2026-02-22 03:00:00,0.0152,0.0144,0.0148
2026-02-22 04:00:00,0.0126,0.0117,0.0121
2026-02-22 05:00:00,0.0152,0.0145,0.0148
2026-02-22 06:00:00,0.0135,0.0126,0.0131
2026-02-22 07:00:00,0.0407,0.0342,0.0374
2026-02-22 08:00:00,0.1681,0.1512,0.1596
2026-02-22 09:00:00,0.3313,0.3161,0.3237
2026-02-22 10:00:00,0.5415,0.5381,0.5398
2026-02-22 11:00:00,0.8654,0.8631,0.8643
2026-02-22 12:00:00,0.9897,0.97,0.9799
2026-02-22 13:00:00,0.99,0.97,0.98
2026-02-22 14:00:00,0.99,0.97,0.98
2026-02-22 15:00:00,0.99,0.97,0.98
2026-02-22 16:00:00,0.9818,0.97,0.9759
2026-02-22 17:00:00,0.8398,0.8427,0.8413
2026-02-22 18:00:00,0.7438,0.749,0.7464
2026-02-22 19:00:00,0.5365,0.5318,0.5341
2026-02-22 20:00:00,0.3715,0.3672,0.3693
2026-02-22 21:00:00,0.2442,0.2361,0.2401
2026-02-22 22:00:00,0.186,0.168,0.177
2026-02-22 23:00:00,0.1503,0.1353,0.1428
2026-02-23 00:00:00,0.1292,0.1088,0.119
2026-02-23 01:00:00,0.0969,0.0778,0.0873
2026-02-23 02:00:00,0.1008,0.0889,0.0948
2026-02-23 03:00:00,0.0717,0.0528,0.0623
2026-02-23 04:00:00,0.0545,0.0472,0.0508
2026-02-23 05:00:00,0.0432,0.0296,0.0364
2026-02-23 06:00:00,0.0252,0.0239,0.0245
2026-02-23 07:00:00,0.0136,0.0124,0.013
2026-02-23 08:00:00,0.0107,0.0097,0.0102
2026-02-23 09:00:00,0.0202,0.0194,0.0198
2026-02-23 10:00:00,0.0626,0.0617,0.0622
2026-02-23 11:00:00,0.1148,0.1141,0.1145
2026-02-23 12:00:00,0.1353,0.134,0.1347
2026-02-23 13:00:00,0.3018,0.3008,0.3013
2026-02-23 14:00:00,0.4938,0.4939,0.4939
2026-02-23 15:00:00,0.5486,0.5494,0.549
2026-02-23 16:00:00,0.6135,0.6031,0.6083
2026-02-23 17:00:00,0.6838,0.6834,0.6836
2026-02-23 18:00:00,0.7531,0.7523,0.7527
2026-02-23 19:00:00,0.8086,0.808,0.8083
2026-02-23 20:00:00,0.8047,0.8038,0.8042
2026-02-23 21:00:00,0.8275,0.8269,0.8272
2026-02-23 22:00:00,0.8461,0.8455,0.8458
2026-02-23 23:00:00,0.9357,0.9347,0.9352
2026-02-24 00:00:00,0.9425,0.9412,0.9419
2026-02-24 01:00:00,0.9238,0.9224,0.9231
2026-02-24 02:00:00,0.9026,0.9012,0.9019
2026-02-24 03:00:00,0.892,0.8904,0.8912
2026-02-24 04:00:00,0.8341,0.8325,0.8333
2026-02-24 05:00:00,0.7066,0.7051,0.7058
2026-02-24 06:00:00,0.5995,0.5979,0.5987
2026-02-24 07:00:00,0.5595,0.5579,0.5587
2026-02-24 08:00:00,0.5525,0.5509,0.5517
2026-02-24 09:00:00,0.5261,0.5245,0.5253
2026-02-24 10:00:00,0.5208,0.5225,0.5216
2026-02-24 11:00:00,0.5073,0.5144,0.5108
2026-02-24 12:00:00,0.5165,0.5211,0.5188
2026-02-24 13:00:00,0.5678,0.5727,0.5702
2026-02-24 14:00:00,0.5407,0.5456,0.5432
2026-02-24 15:00:00,0.5338,0.5388,0.5363
2026-02-24 16:00:00,0.5362,0.5413,0.5388
2026-02-24 17:00:00,0.4148,0.4199,0.4174
2026-02-24 18:00:00,0.3713,0.3763,0.3738
2026-02-24 19:00:00,0.3391,0.3387,0.3389
2026-02-24 20:00:00,0.2206,0.2202,0.2204
2026-02-24 21:00:00,0.1485,0.1481,0.1483
2026-02-24 22:00:00,0.0746,0.0741,0.0743
2026-02-24 23:00:00,0.0205,0.0199,0.0202
2026-02-25 00:00:00,0.0187,0.013,0.0159
2026-02-25 01:00:00,0.0133,0.0081,0.0107
2026-02-25 02:00:00,0.0153,0.0097,0.0125
2026-02-25 03:00:00,0.0311,0.0179,0.0245
2026-02-25 04:00:00,0.0328,0.0173,0.025
2026-02-25 05:00:00,0.057,0.0423,0.0496
2026-02-25 06:00:00,0.0776,0.0629,0.0702
2026-02-25 07:00:00,0.1092,0.0878,0.0985
2026-02-25 08:00:00,0.1175,0.0966,0.1071
2026-02-25 09:00:00,0.12,0.1043,0.1122
2026-02-25 10:00:00,0.122,0.1063,0.1142
2026-02-25 11:00:00,0.0814,0.0671,0.0743
2026-02-25 12:00:00,0.0646,0.0506,0.0576
2026-02-25 13:00:00,0.0657,0.0538,0.0597
2026-02-25 14:00:00,0.0389,0.0268,0.0329
2026-02-25 15:00:00,0.0577,0.0497,0.0537
2026-02-25 16:00:00,0.0548,0.0507,0.0528
2026-02-25 17:00:00,0.0537,0.0482,0.0509
2026-02-25 18:00:00,0.0753,0.0693,0.0723
2026-02-25 19:00:00,0.0715,0.0675,0.0695
2026-02-25 20:00:00,0.1028,0.0971,0.0999
2026-02-25 21:00:00,0.1414,0.1326,0.137
2026-02-25 22:00:00,0.191,0.1779,0.1844
2026-02-25 23:00:00,0.4438,0.4297,0.4368
2026-02-26 00:00:00,0.7188,0.7026,0.7107
2026-02-26 01:00:00,0.7958,0.7798,0.7878
2026-02-26 02:00:00,0.7615,0.7526,0.7571
2026-02-26 03:00:00,0.8668,0.8655,0.8661
2026-02-26 04:00:00,0.9105,0.8977,0.9041
2026-02-26 05:00:00,0.8935,0.8807,0.8871
2026-02-26 06:00:00,0.7259,0.7122,0.719
2026-02-26 07:00:00,0.6632,0.6526,0.6579
2026-02-26 08:00:00,0.5563,0.5428,0.5496
2026-02-26 09:00:00,0.1624,0.1474,0.1549
2026-02-26 10:00:00,0.123,0.1216,0.1223
2026-02-26 11:00:00,0.3733,0.3724,0.3728
2026-02-26 12:00:00,0.425,0.427,0.426
2026-02-26 13:00:00,0.5016,0.4914,0.4965
2026-02-26 14:00:00,0.4023,0.4027,0.4025
2026-02-26 15:00:00,0.4276,0.4286,0.4281
2026-02-26 16:00:00,0.5896,0.5906,0.5901
2026-02-26 17:00:00,0.701,0.7018,0.7014
2026-02-26 18:00:00,0.7754,0.7727,0.7741
2026-02-26 19:00:00,0.8616,0.8624,0.862
2026-02-26 20:00:00,0.8709,0.8703,0.8706
2026-02-26 21:00:00,0.8734,0.8724,0.8729
2026-02-26 22:00:00,0.8974,0.8958,0.8966
2026-02-26 23:00:00,0.8765,0.8754,0.8759
2026-02-27 00:00:00,0.8917,0.8905,0.8911
2026-02-27 01:00:00,0.7945,0.796,0.7953
2026-02-27 02:00:00,0.6274,0.6293,0.6283
2026-02-27 03:00:00,0.6126,0.6176,0.6151
2026-02-27 04:00:00,0.5823,0.5873,0.5848
2026-02-27 05:00:00,0.417,0.4249,0.421
2026-02-27 06:00:00,0.3469,0.3516,0.3492
2026-02-27 07:00:00,0.3264,0.331,0.3287
2026-02-27 08:00:00,0.277,0.2758,0.2764
2026-02-27 09:00:00,0.2365,0.235,0.2357
2026-02-27 10:00:00,0.2158,0.2145,0.2151
2026-02-27 11:00:00,0.2183,0.217,0.2177
2026-02-27 12:00:00,0.2531,0.2582,0.2556
2026-02-27 13:00:00,0.3612,0.3665,0.3638
2026-02-27 14:00:00,0.4502,0.4555,0.4529
2026-02-27 15:00:00,0.5207,0.5261,0.5234
2026-02-27 16:00:00,0.5268,0.527,0.5269
2026-02-27 17:00:00,0.682,0.6821,0.682
2026-02-27 18:00:00,0.7594,0.7596,0.7595
2026-02-27 19:00:00,0.8121,0.8122,0.8121
2026-02-27 20:00:00,0.8132,0.8129,0.8131
2026-02-27 21:00:00,0.7149,0.7147,0.7148
2026-02-27 22:00:00,0.6646,0.6695,0.6671
2026-02-27 23:00:00,0.6056,0.6135,0.6096
2026-02-28 00:00:00,0.5339,0.5441,0.539
2026-02-28 01:00:00,0.5456,0.5528,0.5492
2026-02-28 02:00:00,0.6053,0.6125,0.6089
2026-02-28 03:00:00,0.6648,0.672,0.6684
2026-02-28 04:00:00,0.6793,0.6861,0.6827
2026-02-28 05:00:00,0.7294,0.7393,0.7343
2026-02-28 06:00:00,0.6764,0.6833,0.6798
2026-02-28 07:00:00,0.6713,0.678,0.6746
2026-02-28 08:00:00,0.7539,0.7515,0.7527
2026-02-28 09:00:00,0.8747,0.8716,0.8731
2026-02-28 10:00:00,0.8882,0.8821,0.8851
2026-02-28 11:00:00,0.8023,0.7962,0.7992
2026-02-28 12:00:00,0.7541,0.7561,0.7551
2026-02-28 13:00:00,0.7234,0.7255,0.7244
2026-02-28 14:00:00,0.6796,0.6819,0.6808
2026-02-28 15:00:00,0.6859,0.6936,0.6897
2026-02-28 16:00:00,0.5332,0.5358,0.5345
2026-02-28 17:00:00,0.5591,0.5619,0.5605
2026-02-28 18:00:00,0.5625,0.5655,0.564
2026-02-28 19:00:00,0.5629,0.5665,0.5647
2026-02-28 20:00:00,0.4644,0.4643,0.4644
2026-02-28 21:00:00,0.3657,0.3655,0.3656
2026-02-28 22:00:00,0.3342,0.334,0.3341
2026-02-28 23:00:00,0.2097,0.2095,0.2096
